username,verified,verified_type,profile_url,source,review_id,like_counts,image,date,comment
è–ªèƒä¸€å“¥,False,-1,https://m.weibo.cn/u/7342167609?uid=7342167609,,4708284722055313,0,"https://tvax4.sinaimg.cn/crop.0.0.664.664.180/0080SZcdly8g9807i5he1j30ig0ig402.jpg?KID=imgbed,tva&Expires=1641997670&ssig=7Ko%2FXWdq0J",2021-11-27,è¿™ä¸ªè§†é¢‘æ‹çš„å¾ˆæœ‰æ„æ€çš„
masakomochitsuki,False,-1,https://m.weibo.cn/u/2831195850?uid=2831195850,,4707534746681427,0,"https://tvax2.sinaimg.cn/crop.0.0.996.996.180/a8c09ecaly8gxeemed92aj20ro0romy1.jpg?KID=imgbed,tva&Expires=1641997670&ssig=CkbGEMM4IJ",2021-11-25,ä¹Ÿå¾—æ˜¯åšå¾—ä¹…æ‰ç®—ã€‚
å¤¢è£¡èŠ±è½çŸ¥æˆ‘æ„,False,-1,https://m.weibo.cn/u/2938891351?uid=2938891351,,4707501322274713,0,"https://tvax1.sinaimg.cn/crop.0.0.828.828.180/af2bec57ly8glap6rbh6bj20n00n0wf4.jpg?KID=imgbed,tva&Expires=1641997670&ssig=%2Byu65kZSKq",2021-11-25,å›å¤:ä¸“ä¸šçš„
é»„æ…§ç”·zm521,False,-1,https://m.weibo.cn/u/5600360796?uid=5600360796,,4707495317078889,0,"https://tvax2.sinaimg.cn/crop.0.0.996.996.180/00670xFWly8gt3u0pgsrwj30ro0rowit.jpg?KID=imgbed,tva&Expires=1641997670&ssig=hax9D3gOGH",2021-11-25,å›å¤:è®¸å¤šä¸œè¥¿çœŸçš„ä¸èƒ½å°çœ‹å“¦ã€‚
é»„æ…§ç”·zm521,False,-1,https://m.weibo.cn/u/5600360796?uid=5600360796,,4707495165560449,0,"https://tvax2.sinaimg.cn/crop.0.0.996.996.180/00670xFWly8gt3u0pgsrwj30ro0rowit.jpg?KID=imgbed,tva&Expires=1641997670&ssig=hax9D3gOGH",2021-11-25,å›å¤:çœŸçš„å¾ˆæƒŠè®¶å‘€ï¼
é»„æ…§ç”·zm521,False,-1,https://m.weibo.cn/u/5600360796?uid=5600360796,,4707495114706340,0,"https://tvax2.sinaimg.cn/crop.0.0.996.996.180/00670xFWly8gt3u0pgsrwj30ro0rowit.jpg?KID=imgbed,tva&Expires=1641997670&ssig=hax9D3gOGH",2021-11-25,æ²¡æƒ³åˆ°å½“ä»£çš„è‚¡æ°‘è¿™ä¹ˆå‰å®³ï¼Œéšè—çš„è¿™ä¹ˆå¥½å‘€ã€‚
ä¸‰å¯¸äººé—´Cc,True,0,https://m.weibo.cn/u/7063803774?uid=7063803774,,4707494503124092,0,"https://tvax1.sinaimg.cn/crop.0.0.996.996.180/007I302Wly8g5j3gdy0pcj30ro0rot9c.jpg?KID=imgbed,tva&Expires=1641997670&ssig=EOqjL80UBt",2021-11-25,å›å¤:ç¡®å®æ˜¯è¿™æ ·
ä¸‰å¯¸äººé—´Cc,True,0,https://m.weibo.cn/u/7063803774?uid=7063803774,,4707494482152339,1,"https://tvax1.sinaimg.cn/crop.0.0.996.996.180/007I302Wly8g5j3gdy0pcj30ro0rot9c.jpg?KID=imgbed,tva&Expires=1641997670&ssig=EOqjL80UBt",2021-11-25,è¿™ä¹Ÿå¤ªåŠªåŠ›äº†å§ï¼ŒçœŸçš„éƒ½æ˜¯é«˜æ‰‹ï¼Œèº«è¾¹æœ‰å¤ªå¤šè¿™æ ·çš„äººäº†ï¼Œåˆ›ä¸šç•Œçš„å¤§å“¥å¤§
åšä¸€ä¸ªæ­£å¸¸äººçˆ±å­¦ä¹ ,True,0,https://m.weibo.cn/u/7415947414?uid=7415947414,,4707494117773349,0,"https://tvax1.sinaimg.cn/crop.0.0.996.996.180/0085SyH4ly8grxoql6y8xj30ro0ro77r.jpg?KID=imgbed,tva&Expires=1641997670&ssig=rDFCSr7YA7",2021-11-25,å›å¤:éƒ½æ˜¯è¿™æ ·çš„å‘€ã€‚
åšä¸€ä¸ªæ­£å¸¸äººçˆ±å­¦ä¹ ,True,0,https://m.weibo.cn/u/7415947414?uid=7415947414,,4707494091555988,1,"https://tvax1.sinaimg.cn/crop.0.0.996.996.180/0085SyH4ly8grxoql6y8xj30ro0ro77r.jpg?KID=imgbed,tva&Expires=1641997671&ssig=El1V3JiQK8",2021-11-25,ä½ ä»¬æŠ•èµ„åˆ°åº•æœ‰å¤šåŠªåŠ›å•Šï¼Œä¸€èµ·æ¥çœ‹ä¸€ä¸‹å§ï¼Œä¸€å®šè¦æ­£ç¡®çš„æŠ•èµ„ï¼Œè¦æœ‰ä¸ªå¼•å¯¼è€…ã€‚
zhdebn,False,-1,https://m.weibo.cn/u/5272000569?uid=5272000569,,4707493244306271,0,"https://tvax1.sinaimg.cn/crop.0.0.996.996.180/005KMMbfly8gtvkh5j4ryj30ro0ro40i.jpg?KID=imgbed,tva&Expires=1641997671&ssig=%2FvUnG8bYOD",2021-11-25,å›å¤:åšä¸€åšå•è½¦å˜æ‘©æ‰˜
zhdebn,False,-1,https://m.weibo.cn/u/5272000569?uid=5272000569,,4707493210491589,0,"https://tvax1.sinaimg.cn/crop.0.0.996.996.180/005KMMbfly8gtvkh5j4ryj30ro0ro40i.jpg?KID=imgbed,tva&Expires=1641997671&ssig=%2FvUnG8bYOD",2021-11-25,ç°åœ¨çš„å•å¤§å®¶éƒ½æƒ³èµšé’±ï¼Œéƒ½æƒ³å‡­è‡ªå·±çš„æœ¬äº‹èµšé’±ï¼Œè¶Šæ¥è¶Šæ£’
å‘è¿™é£å‰è¿›,False,-1,https://m.weibo.cn/u/5957533557?uid=5957533557,,4707493047437350,0,"https://tvax2.sinaimg.cn/crop.0.0.996.996.180/006vbcCVly8gwcfvrlgvsj30ro0ro417.jpg?KID=imgbed,tva&Expires=1641997671&ssig=W%2Bmb08zOV5",2021-11-25,äººä¸å¯è²Œç›¸ï¼Œæµ·æ°´ä¸å¯æ–—é‡
ç­åŒæ ¼æ ¼ç’§678,False,-1,https://m.weibo.cn/u/6648744767?uid=6648744767,,4707492527866526,0,"https://tvax1.sinaimg.cn/crop.0.0.180.180.180/007fXsePly8g4e68ciztnj30500500so.jpg?KID=imgbed,tva&Expires=1641997671&ssig=tFf80O3%2FHr",2021-11-25,å›å¤:ä½ æ˜¯è€å¸æœºäº†
ç­åŒæ ¼æ ¼ç’§678,False,-1,https://m.weibo.cn/u/6648744767?uid=6648744767,,4707492397057561,0,"https://tvax1.sinaimg.cn/crop.0.0.180.180.180/007fXsePly8g4e68ciztnj30500500so.jpg?KID=imgbed,tva&Expires=1641997671&ssig=tFf80O3%2FHr",2021-11-25,æ‰€ä»¥å–„å¾…èº«è¾¹æ¯ä¸€ä¸ªäººï¼Œéƒ½æœ‰å¯èƒ½æ˜¯ä½ çš„è´µäºº
æ«æ—786,True,0,https://m.weibo.cn/u/7565483312?uid=7565483312,,4707492338337139,0,"https://tvax4.sinaimg.cn/crop.0.0.664.664.180/008fZZOoly8gnxlrnlaimj30ig0igjs4.jpg?KID=imgbed,tva&Expires=1641997671&ssig=I6O3i2bdkG",2021-11-25,è¿™äº›è‚¡æ°‘ä¹Ÿå¤ªä¸‹åŠŸå¤«äº†å§ï¼ä½©æœä»–ä»¬çš„æ½œèƒ½åŠ›ï¼
kshnv,False,-1,https://m.weibo.cn/u/6741499105?uid=6741499105,,4707492061250563,0,"https://tvax3.sinaimg.cn/crop.0.0.664.664.180/007meDSxly8fvw2idjz7fj30ig0igq4c.jpg?KID=imgbed,tva&Expires=1641997671&ssig=6NJSNSIVqD",2021-11-25,å›å¤:çœŸçš„æŒºå‰å®³
kshnv,False,-1,https://m.weibo.cn/u/6741499105?uid=6741499105,,4707492036609642,0,"https://tvax3.sinaimg.cn/crop.0.0.664.664.180/007meDSxly8fvw2idjz7fj30ig0igq4c.jpg?KID=imgbed,tva&Expires=1641997673&ssig=Aa0LVRqKRa",2021-11-25,æŠ•èµ„æ˜¯æœ‰èµ¢æœ‰è¾“çš„ï¼Œè¿™ä¹Ÿå¤ªå†…å·äº†
æ–‡è¿ª786,True,0,https://m.weibo.cn/u/7564652187?uid=7564652187,,4707492015114976,0,"https://tvax3.sinaimg.cn/crop.0.0.664.664.180/008fWvB9ly8gnxlsg92vsj30ig0igjrq.jpg?KID=imgbed,tva&Expires=1641997673&ssig=zaVy4IDJBN",2021-11-25,å›å¤:ä¸èƒ½æš´éœ²ï¼Œè‡ªå·±çŸ¥é“è‡ªå·±å¹²å˜›å°±è¡Œäº†ï¼
éª„å‚²åƒä¸ªç‹01,False,-1,https://m.weibo.cn/u/7660527644?uid=7660527644,,4707491952462819,0,"https://tvax1.sinaimg.cn/crop.0.0.132.132.180/008mqNbuly4gsxkttwf3lj303o03oweb.jpg?KID=imgbed,tva&Expires=1641997673&ssig=BtEuIvyvPl",2021-11-25,è‚¡ç¥¨ä¸çŸ¥é“æ€ä¹ˆä¹°ï¼Œä¹Ÿæ˜¯æœªæˆå¹´ä¹°ä¸èµ·äº†å‘€
æ–‡è¿ª786,True,0,https://m.weibo.cn/u/7564652187?uid=7564652187,,4707491771845090,1,"https://tvax3.sinaimg.cn/crop.0.0.664.664.180/008fWvB9ly8gnxlsg92vsj30ig0igjrq.jpg?KID=imgbed,tva&Expires=1641997673&ssig=zaVy4IDJBN",2021-11-25,é»˜é»˜æ— é—»å‚¨å¤‡èƒ½é‡ï¼Œæœ‰æœä¸€æ—¥ï¼ŒæˆåŠŸä¸€è§¦å³å‘ï¼
æ—­ä»”å¾ˆå¸¦æ´¾,True,0,https://m.weibo.cn/u/7612330792?uid=7612330792,,4707491756114764,0,"https://tvax4.sinaimg.cn/crop.0.0.664.664.180/008jayYUly8gtbucc63ylj30ig0igdgy.jpg?KID=imgbed,tva&Expires=1641997673&ssig=t%2FwYb9lN%2BA",2021-11-25,å›å¤:è¯´çš„éå¸¸çš„å¯¹
æ—­ä»”å¾ˆå¸¦æ´¾,True,0,https://m.weibo.cn/u/7612330792?uid=7612330792,,4707491663052861,2,"https://tvax4.sinaimg.cn/crop.0.0.664.664.180/008jayYUly8gtbucc63ylj30ig0igdgy.jpg?KID=imgbed,tva&Expires=1641997673&ssig=t%2FwYb9lN%2BA",2021-11-25,æŠ•èµ„è¿™æ–¹é¢é£é™©éå¸¸çš„å¤§ï¼Œæ‰€ä»¥æˆ‘ä»¬ä¸€å®šä¹Ÿè¦è°¨æ…äº†
æ«æ—786,True,0,https://m.weibo.cn/u/7565483312?uid=7565483312,,4707491495282514,1,"https://tvax4.sinaimg.cn/crop.0.0.664.664.180/008fZZOoly8gnxlrnlaimj30ig0igjs4.jpg?KID=imgbed,tva&Expires=1641997673&ssig=MWR5BzbbOd",2021-11-25,é«˜æ‰‹ä¸æ˜¯è½»è€Œæ˜“ä¸¾å°±æˆåŠŸçš„ï¼Œç¦»ä¸å¼€èƒŒåçš„æ½œå¿ƒåŠªåŠ›ï¼ç»†å¿ƒé’»ç ”ï¼
Yu6aoCi--W,False,-1,https://m.weibo.cn/u/2157257302?uid=2157257302,,4707491311783054,1,"https://tvax1.sinaimg.cn/crop.0.0.1080.1080.180/80952256ly8g15z8wqnq5j20u00u0q5s.jpg?KID=imgbed,tva&Expires=1641997673&ssig=6ykfCqDnwZ",2021-11-25,å“ˆå“ˆå“ˆå“ˆå‰å®³äº† æˆ‘åªæƒ³è¯´é«˜æ‰‹åœ¨æ°‘é—´
ç¬å‘½ç”±å·±é€ ç¬,False,-1,https://m.weibo.cn/u/6509611576?uid=6509611576,,4707490983577605,0,"https://tvax1.sinaimg.cn/crop.0.0.996.996.180/0076xFl6ly8gsjzeq6or8j30ro0rogn8.jpg?KID=imgbed,tva&Expires=1641997673&ssig=lrmXPwtojw",2021-11-25,å›å¤:è¿™ä¹Ÿå¤ªæƒŠè®¶äº†ğŸ‘ğŸ»
ç­–åˆ’äººè¥¿æŸš,False,-1,https://m.weibo.cn/u/7568869760?uid=7568869760,,4707490913061015,0,"https://tvax4.sinaimg.cn/crop.0.0.1002.1002.180/008gecMwly8go01pyg534j30ru0ru0tz.jpg?KID=imgbed,tva&Expires=1641997673&ssig=UOyAtWMXJI",2021-11-25,å›å¤:è¿™ä¹Ÿå¤ªå·äº†å§
ç¬å‘½ç”±å·±é€ ç¬,False,-1,https://m.weibo.cn/u/6509611576?uid=6509611576,,4707490882915228,11,"https://tvax1.sinaimg.cn/crop.0.0.996.996.180/0076xFl6ly8gsjzeq6or8j30ro0rogn8.jpg?KID=imgbed,tva&Expires=1641997674&ssig=yWZswJGcMu",2021-11-25,è¿™ä¸€åˆ»ï¼Œå”¯æœ‰ç›ˆçœ¶çš„çƒ­æ³ªå’Œä¸€å¥â€œå§æ§½â€æ‰èƒ½è¡¨è¾¾æˆ‘çš„æƒŠè®¶ä¹‹æƒ…ï¼ï¼ 
ç­–åˆ’äººè¥¿æŸš,False,-1,https://m.weibo.cn/u/7568869760?uid=7568869760,,4707490853815273,0,"https://tvax4.sinaimg.cn/crop.0.0.1002.1002.180/008gecMwly8go01pyg534j30ru0ru0tz.jpg?KID=imgbed,tva&Expires=1641997674&ssig=YU4fGE66pd",2021-11-25,ä¸ºäº†æŠ•èµ„ä¸æ‹©æ‰‹æ®µï¼Œæˆ‘è§‰å¾—ä»–ä»¬å•Šï¼Œä¸é€‚åˆæŠ•èµ„æ›´é€‚åˆå»å¹²æ½œä¼
å²æœˆç«‹æ’,False,-1,https://m.weibo.cn/u/7698773712?uid=7698773712,,4707490685521485,0,"https://tvax1.sinaimg.cn/crop.0.0.996.996.180/008p1gJyly8gwlfocuctdj30ro0rot9q.jpg?KID=imgbed,tva&Expires=1641997674&ssig=SN9bXXNTl7",2021-11-25,å›å¤:: çœŸæ²¡æƒ³åˆ°ï¼Œå¤ªå†…å·äº†
å²æœˆç«‹æ’,False,-1,https://m.weibo.cn/u/7698773712?uid=7698773712,,4707490573059841,4,"https://tvax1.sinaimg.cn/crop.0.0.996.996.180/008p1gJyly8gwlfocuctdj30ro0rot9q.jpg?KID=imgbed,tva&Expires=1641997674&ssig=SN9bXXNTl7",2021-11-25,æ²¡æƒ³åˆ°è¿™äº›äººç«Ÿç„¶æ˜¯è‚¡æ°‘ï¼Œç°åœ¨çš„è‚¡æ°‘éƒ½æ˜¯å¦‚æ­¤éšè—çš„å—ï¼Ÿ
æ«æ—786,True,0,https://m.weibo.cn/u/7565483312?uid=7565483312,,4707490451950676,0,"https://tvax4.sinaimg.cn/crop.0.0.664.664.180/008fZZOoly8gnxlrnlaimj30ig0igjs4.jpg?KID=imgbed,tva&Expires=1641997674&ssig=ULpU2nn74G",2021-11-25,å›å¤:ä»¤äººåˆ®ç›®ç›¸çœ‹çš„é«˜æ‰‹
é˜¿å¯»æ˜¯ä¸ªå¤§æ¼‚äº®,False,-1,https://m.weibo.cn/u/7488671531?uid=7488671531,,4707490275527476,0,"https://tvax4.sinaimg.cn/crop.0.0.1080.1080.180/008aNHyHly8gtr1rz2rskj60u00u0n0j02.jpg?KID=imgbed,tva&Expires=1641997674&ssig=ehPIp%2B58dN",2021-11-25,å½“ä»£è‚¡æ°‘çœŸçš„å¾ˆä½¿åŠ²å„¿ã€‚ä»–ä»¬ä¼šå¾ˆåŠªåŠ›çš„ï¼Œå»åˆ†æä¸€äº›ä¸œè¥¿ã€‚
ç³ç™½å¤§äºº,False,-1,https://m.weibo.cn/u/6658249145?uid=6658249145,,4707490270282104,0,"https://tvax3.sinaimg.cn/crop.0.0.821.821.180/007gBkLfly8fukkzu7acpj30mt0mt74x.jpg?KID=imgbed,tva&Expires=1641997674&ssig=l25GNt8E6x",2021-11-25,å›å¤:ç¡®å®æ˜¯è¿™æ ·
ç³ç™½å¤§äºº,False,-1,https://m.weibo.cn/u/6658249145?uid=6658249145,,4707490233323356,0,"https://tvax3.sinaimg.cn/crop.0.0.821.821.180/007gBkLfly8fukkzu7acpj30mt0mt74x.jpg?KID=imgbed,tva&Expires=1641997674&ssig=l25GNt8E6x",2021-11-25,å›å¤:æˆ‘ä¹Ÿå»äº†è§£ä¸€ä¸‹
ç³ç™½å¤§äºº,False,-1,https://m.weibo.cn/u/6658249145?uid=6658249145,,4707490182464069,1,"https://tvax3.sinaimg.cn/crop.0.0.821.821.180/007gBkLfly8fukkzu7acpj30mt0mt74x.jpg?KID=imgbed,tva&Expires=1641997674&ssig=l25GNt8E6x",2021-11-25,æ¯ä¸ªäººéƒ½æ˜¯å‘å±•çš„æ½œèƒ½çš„ï¼ä¸èƒ½å°ç§ä»»ä½•ä¸€ä¸ªäººå“¦ï¼
éŸ«è‰²012,False,-1,https://m.weibo.cn/u/7631501467?uid=7631501467,,4707489696187150,0,"https://tvax3.sinaimg.cn/crop.0.0.132.132.180/008kt09lly4grp715w1ofj303o03odfn.jpg?KID=imgbed,tva&Expires=1641997675&ssig=L5oEKEEQch",2021-11-25,è¿™å°±æ˜¯è‰ºæœ¯æ¥æºäºç”Ÿæ´»å˜›ï¼Ÿäººä¸å¯è²Œç›¸å•Š
èŠ±å¥½æœˆåœ†åœ†åˆåœ†Tä¸ƒ,False,-1,https://m.weibo.cn/u/7581680919?uid=7581680919,,4707489440339178,0,"https://tvax1.sinaimg.cn/crop.0.0.664.664.180/008h5Xy7ly8gs0gxmg7tvj30ig0igacg.jpg?KID=imgbed,tva&Expires=1641997675&ssig=v4VfkOd3UW",2021-11-25,å›å¤:é‚£éƒ½æ˜¯é«˜æ‰‹
ä¸æ˜¯è«é‡Œäºšè’‚,False,-1,https://m.weibo.cn/u/7717442517?uid=7717442517,,4707489440072850,0,"https://tvax3.sinaimg.cn/crop.0.0.1002.1002.180/008qhBljly8gxfnot2t1gj30ru0rvt9h.jpg?KID=imgbed,tva&Expires=1641997675&ssig=%2FPtXBGWsHc",2021-11-25,å›å¤:è‚¯å®šè¦å…ˆå¤šäº†è§£å•Š
ç§€æ‰é‡åˆ°å…µå•¦,False,-1,https://m.weibo.cn/u/6101966388?uid=6101966388,,4707489432472162,0,"https://tvax1.sinaimg.cn/crop.0.0.512.512.180/006EXecIly8gqpvrevn79j30e80e8751.jpg?KID=imgbed,tva&Expires=1641997675&ssig=yfLpCKoWDV",2021-11-25,å›å¤:ä¸åƒæˆ‘è¿™ä¸ªèœé¸Ÿä¸€æ ·  ä¹±æŠ•
èŠ±å¥½æœˆåœ†åœ†åˆåœ†Tä¸ƒ,False,-1,https://m.weibo.cn/u/7581680919?uid=7581680919,,4707489373487701,1,"https://tvax1.sinaimg.cn/crop.0.0.664.664.180/008h5Xy7ly8gs0gxmg7tvj30ig0igacg.jpg?KID=imgbed,tva&Expires=1641997675&ssig=v4VfkOd3UW",2021-11-25,è¿™äº›æ˜æ˜Ÿä»¬çœ‹ç€ä¹Ÿå¾ˆæç¬‘å•Šï¼Œ
ä¸æ˜¯è«é‡Œäºšè’‚,False,-1,https://m.weibo.cn/u/7717442517?uid=7717442517,,4707489369555265,0,"https://tvax3.sinaimg.cn/crop.0.0.1002.1002.180/008qhBljly8gxfnot2t1gj30ru0rvt9h.jpg?KID=imgbed,tva&Expires=1641997675&ssig=%2FPtXBGWsHc",2021-11-25,è‚¡æ°‘æ²¡æœ‰ä¸€ä¸ªæ˜¯ç®€å•çš„ï¼Œéƒ½æ˜¯éå¸¸æœ‰å¤´è„‘ï¼Œå¾ˆèªæ˜ 
ç§€æ‰é‡åˆ°å…µå•¦,False,-1,https://m.weibo.cn/u/6101966388?uid=6101966388,,4707489360120916,8,"https://tvax1.sinaimg.cn/crop.0.0.512.512.180/006EXecIly8gqpvrevn79j30e80e8751.jpg?KID=imgbed,tva&Expires=1641997675&ssig=yfLpCKoWDV",2021-11-25,æ‰€ä»¥æœ‰å¯èƒ½å¹³æ—¶æ‰“é¥­å¼€å°å–éƒ¨çš„é˜¿å§¨å°±æ˜¯å…¶ä¸­ä¸€å‘˜  äººå®¶å°±æ˜¯æ¥æ‰“æ¢æ¶ˆæ¯çš„
é˜³å…‰ç›å·´_ç”·å­©,False,-1,https://m.weibo.cn/u/5454873062?uid=5454873062,,4707482683052704,0,"https://tvax4.sinaimg.cn/crop.0.0.512.512.180/005Xa5FAly8gxylcuh4tvj30e80e8wf0.jpg?KID=imgbed,tva&Expires=1641997675&ssig=nmEN1xjK3D",2021-11-25,æ‹©å‹å‹¿æ€¥èº
å–†ä¼äºå¸‚,False,-1,https://m.weibo.cn/u/1806218695?uid=1806218695,,4707475032378360,0,"https://tvax4.sinaimg.cn/crop.0.0.180.180.180/6ba8b5c7ly8fiinq1ll3nj205k05kgll.jpg?KID=imgbed,tva&Expires=1641997676&ssig=VcUPKx35oX",2021-11-25,é”„ç¦¾æ—¥å½“åˆ
é±¼ä¸å¦„çŒ«ç¬‘é¢œz,False,-1,https://m.weibo.cn/u/5097798006?uid=5097798006,,4707473682861545,0,"https://tva3.sinaimg.cn/crop.0.0.640.640.180/005yZQ8ujw8ef29xe4fqhj30hs0hsgm7.jpg?KID=imgbed,tva&Expires=1641997676&ssig=1VqfSF0oMm",2021-11-25,æ— è®ºåšä»€ä¹ˆäº‹æƒ…
èŒè‚‰å°‘å¥³,False,-1,https://m.weibo.cn/u/6142659098?uid=6142659098,,4707472642146807,0,"https://tvax2.sinaimg.cn/crop.0.0.996.996.180/006HHYeKly8fdxnhkenxbj30ro0rotan.jpg?KID=imgbed,tva&Expires=1641997676&ssig=6GhLRpUxlq",2021-11-25,äººä¹‹æ‚£
å”æ¯…-Carle,False,-1,https://m.weibo.cn/u/6137509667?uid=6137509667,,4707472524968302,0,"https://tvax3.sinaimg.cn/crop.0.0.996.996.180/006HmmDply8fggfdywstkj30ro0ro75l.jpg?KID=imgbed,tva&Expires=1641997676&ssig=GRkSbAcw7y",2021-11-25,è·¯äººå€Ÿé—®é¥æ‹›æ‰‹
qiandan915,False,-1,https://m.weibo.cn/u/2253291484?uid=2253291484,,4707472255748248,0,"https://tva3.sinaimg.cn/crop.0.102.612.612.180/864e7fdcjw8ecx1iety0bj20h00mogn4.jpg?KID=imgbed,tva&Expires=1641997678&ssig=XV%2B7ngm6xX",2021-11-25,æ–‡äººç›¸è½»
ç‹ä¿Šæ°æµ¦æ±Ÿ,False,-1,https://m.weibo.cn/u/2519510632?uid=2519510632,,4707471815347571,0,"https://tvax1.sinaimg.cn/crop.44.44.111.111.180/962cae68ly8fig2nkf05pj206r06o74c.jpg?KID=imgbed,tva&Expires=1641997678&ssig=tGaT7EfVEU",2021-11-25,è¡Œä¸‡é‡Œè·¯
å¶å°”è·¯è¿‡199807,False,-1,https://m.weibo.cn/u/2476479094?uid=2476479094,,4707466661069684,0,"https://tvax2.sinaimg.cn/crop.44.44.111.111.180/939c1276ly8fig61e91x2j205k05kt8t.jpg?KID=imgbed,tva&Expires=1641997678&ssig=x1jf2Znips",2021-11-25,é’ç®¬ç¬ ï¼Œç»¿è“‘è¡£
æ ¸æ¡ƒå›¡å›¡,False,-1,https://m.weibo.cn/u/2100479562?uid=2100479562,,4707466644031593,0,"https://tva4.sinaimg.cn/crop.0.0.180.180.180/7d32c64ajw1e8qgp5bmzyj2050050aa8.jpg?KID=imgbed,tva&Expires=1641997678&ssig=eCVnsYWjbx",2021-11-25,æ›´ä¸Šä¸€å±‚æ¥¼
ç‹äºŒå°çˆ±ä¹±èµ°,False,-1,https://m.weibo.cn/u/5992310652?uid=5992310652,,4707466635644202,0,"https://tva1.sinaimg.cn/crop.0.0.996.996.180/006xx7JOjw8f7hqjb0e95j30ro0ro43g.jpg?KID=imgbed,tva&Expires=1641997678&ssig=2SYAVSHjiR",2021-11-25,æ¹–å…‰ç§‹æœˆä¸¤ç›¸å’Œï¼Œ
æ´ªæ´—è±¡,False,-1,https://m.weibo.cn/u/1939257755?uid=1939257755,,4707466631447466,0,"https://tva4.sinaimg.cn/crop.120.0.450.450.180/7396b99bjw8f0vrsnc3pej20k00ciwg4.jpg?KID=imgbed,tva&Expires=1641997679&ssig=ln5gbQgjdf",2021-11-25,å³ä»¥å…¶äººä¹‹é“
L--520_167,False,-1,https://m.weibo.cn/u/2091429172?uid=2091429172,,4707466589765751,0,"https://tvax4.sinaimg.cn/crop.44.44.111.111.180/7ca8ad34ly8fifbdk46nhj206k06odfy.jpg?KID=imgbed,tva&Expires=1641997679&ssig=n7zzjSIdbG",2021-11-25,è¥¿å¡å±±å‰ç™½é¹­é£
æ‰æœ¨Kå¾é£,False,-1,https://m.weibo.cn/u/3888103188?uid=3888103188,,4707466334701162,0,"https://tvax4.sinaimg.cn/crop.0.0.180.180.180/e7bfbf14ly8fkxe87btv8j2068068glr.jpg?KID=imgbed,tva&Expires=1641997679&ssig=EPV4HEjken",2021-11-25,ä¸å¡ä¸æµ
è’™å¥‡é‚¸è·¯é£,False,-1,https://m.weibo.cn/u/5960870299?uid=5960870299,,4707460986700353,0,"https://tva3.sinaimg.cn/crop.0.22.1125.1125.180/006vpcFljw8f50du1ii26j30v90whdhx.jpg?KID=imgbed,tva&Expires=1641997679&ssig=s5ySIfZ5VO",2021-11-25,ä¸ºæœ‰æºå¤´æ´»æ°´æ¥
ä¹–ä¹–dO1J,False,-1,https://m.weibo.cn/u/1871233635?uid=1871233635,,4707460982509817,0,"https://tvax3.sinaimg.cn/crop.44.44.111.111.180/6f88c263ly8fhw8y053s8j205k05kt8s.jpg?KID=imgbed,tva&Expires=1641997679&ssig=WZjyDGvQA8",2021-11-25,å¾ˆå–œæ¬¢ï¼Œè¿™ä¸ªçœŸå¿ƒä¸é”™
Century21è’‹æ³¢King,False,-1,https://m.weibo.cn/u/2377688017?uid=2377688017,,4707460952884842,0,"https://tva2.sinaimg.cn/crop.0.0.180.180.180/8db8a3d1jw1e8qgp5bmzyj2050050aa8.jpg?KID=imgbed,tva&Expires=1641997680&ssig=TAlTKowoaE",2021-11-25,é£æµç›´ä¸‹ä¸‰åƒå°º
å®¤å†…ç¯ä¿ç ”ç©¶å‘˜,False,-1,https://m.weibo.cn/u/3812708194?uid=3812708194,,4707460923002258,0,"https://tva2.sinaimg.cn/crop.1.0.181.181.180/e3414f62gw1ef2843upu3j2053053mxb.jpg?KID=imgbed,tva&Expires=1641997680&ssig=NeLyXrupoP",2021-11-25,åªæœ‰åƒé”¤ç™¾ç‚¼
æ™“heat,False,-1,https://m.weibo.cn/u/1938823422?uid=1938823422,,4707460902816436,0,"https://tva3.sinaimg.cn/crop.0.0.640.640.180/739018fejw8etc93cowukj20hs0hsgmo.jpg?KID=imgbed,tva&Expires=1641997681&ssig=KugAO9eT0A",2021-11-25,æ™ºè€…åƒè™‘
æµ·åŸ_å¤§æ·¼å“¥,False,-1,https://m.weibo.cn/u/2850943301?uid=2850943301,,4707460894166726,0,"https://tva2.sinaimg.cn/crop.0.0.374.374.180/a9edf145jw8ej1pb99b4gj20ae0aet90.jpg?KID=imgbed,tva&Expires=1641997681&ssig=Tuk7FSLnXj",2021-11-25,ä¸æ€•è·¯é•¿
anie7008,False,-1,https://m.weibo.cn/u/1437364087?uid=1437364087,,4707460873457531,0,"https://tvax3.sinaimg.cn/crop.44.44.111.111.180/55ac6f77ly8fhwcwku4z7j205k05k74a.jpg?KID=imgbed,tva&Expires=1641997681&ssig=9nBed%2BesPV",2021-11-25,æ•Œäººä¸ä¿¡ä½ çš„è§£é‡Š
å¹´è½»äººçš„å¿ƒæƒ…,False,-1,https://m.weibo.cn/u/2489830095?uid=2489830095,,4707460869523250,0,"https://tva4.sinaimg.cn/crop.0.0.480.480.180/9467cacfjw8edhg10bzeij20dc0dc3yx.jpg?KID=imgbed,tva&Expires=1641997683&ssig=NMnKshOfz0",2021-11-25,æ˜¥èš•åˆ°æ­»ä¸æ–¹å°½
è‰¾æ´›è–‡521,False,-1,https://m.weibo.cn/u/5209433288?uid=5209433288,,4707460860875512,0,"https://tva4.sinaimg.cn/crop.568.0.711.711.180/005Gyfzyjw8esnxdg6v45j30zk0m841m.jpg?KID=imgbed,tva&Expires=1641997683&ssig=cjhsSqoy3J",2021-11-25,ä¸æ»¡æ˜¯å‘ä¸Šçš„è½¦è½®
å»ºç­‘å°å¼Ÿ,False,-1,https://m.weibo.cn/u/2616514181?uid=2616514181,,4707460855633316,0,"https://tva1.sinaimg.cn/crop.0.0.511.511.180/9bf4d685jw8em87lsoh9gj20e70e83zh.jpg?KID=imgbed,tva&Expires=1641997683&ssig=mvnxv5jPoM",2021-11-25,æ•Œäººä¸ä¿¡ä½ çš„è§£é‡Š
å¾®Gä¸–ç•Œ,False,-1,https://m.weibo.cn/u/1896812060?uid=1896812060,,4707460830465393,0,"https://tva4.sinaimg.cn/crop.0.0.180.180.180/710f0e1cjw1e8qgp5bmzyj2050050aa8.jpg?KID=imgbed,tva&Expires=1641997684&ssig=lxvP8H9DXj",2021-11-25,è‘¡è„ç¾é…’å¤œå…‰æ¯
å‹‡æ°”Lin,False,-1,https://m.weibo.cn/u/2767434137?uid=2767434137,,4707460713289045,0,"https://tva3.sinaimg.cn/crop.0.0.180.180.180/a4f3b199jw1e8qgp5bmzyj2050050aa8.jpg?KID=imgbed,tva&Expires=1641997684&ssig=6MJQp%2Fm3xp",2021-11-25,ç™½å‘æ–¹æ‚”è¯»ä¹¦è¿Ÿ
æ¯›ç—…çš„å“¥,False,-1,https://m.weibo.cn/u/5545045737?uid=5545045737,,4707460710139204,0,"https://tva3.sinaimg.cn/crop.0.0.168.168.180/0063grHzjw8epy2r1i54uj304o04ojr8.jpg?KID=imgbed,tva&Expires=1641997684&ssig=mSZMcN8ef0",2021-11-25,è¡Œè€…å¸¸è‡³
åº·å“¥åœ¨æ­¤æ— é‡å,False,-1,https://m.weibo.cn/u/2643163201?uid=2643163201,,4707460637786455,0,"https://tva2.sinaimg.cn/crop.0.0.180.180.180/9d8b7841jw1e8qgp5bmzyj2050050aa8.jpg?KID=imgbed,tva&Expires=1641997685&ssig=xol6YuHqgb",2021-11-25,åƒé”¤ä¸‡å‡»å‡ºæ·±å±±
æ˜“æ€ç„79,False,-1,https://m.weibo.cn/u/1163907280?uid=1163907280,,4707460621796148,0,"https://tvax2.sinaimg.cn/crop.0.0.199.199.180/455fd0d0gy1fgcecy8xr0j205k05ka9z.jpg?KID=imgbed,tva&Expires=1641997685&ssig=bwqjPSsBU4",2021-11-25,æ­»å»å…ƒçŸ¥ä¸‡äº‹ç©º
é‡‡è˜‘è‡çš„æ›¹è‘›äº®,False,-1,https://m.weibo.cn/u/3129173967?uid=3129173967,,4707460616555614,0,"https://tva4.sinaimg.cn/crop.0.0.180.180.180/ba8367cfjw1e8qgp5bmzyj2050050aa8.jpg?KID=imgbed,tva&Expires=1641997685&ssig=MyBRt6fXwq",2021-11-25,æ˜”é—»æ´åº­æ°´
å“¥å“¥_20866,False,-1,https://m.weibo.cn/u/1829006573?uid=1829006573,,4707460605283469,0,"https://tva1.sinaimg.cn/crop.0.0.180.180.180/6d046cedjw8fbyt3434jpj2050050a9x.jpg?KID=imgbed,tva&Expires=1641997685&ssig=Bg7jUD%2Fq4z",2021-11-25,åªæ˜¯ç¼ºå°‘å‘ç°ç¾çš„çœ¼ç›
é»„å¤§é‡çŒ«_633,False,-1,https://m.weibo.cn/u/2167128657?uid=2167128657,,4707460529001211,0,"https://tva3.sinaimg.cn/crop.0.0.180.180.180/812bc251jw1e8qgp5bmzyj2050050aa8.jpg?KID=imgbed,tva&Expires=1641997686&ssig=XYydjYgbAn",2021-11-25,åŸæ˜¥è‰æœ¨æ·±
å“†å•¦ccc,False,-1,https://m.weibo.cn/u/1870038013?uid=1870038013,,4707460515892547,0,"https://tva3.sinaimg.cn/crop.0.0.180.180.180/6f7683fdjw8f9bmvocqu8j2050050aa1.jpg?KID=imgbed,tva&Expires=1641997686&ssig=14YJ6s8SS5",2021-11-25,æ”¶å–å…³å±±äº”åå·
çŸ³å®¶åº„_æ‰§æ³•ä¸ºæ°‘,False,-1,https://m.weibo.cn/u/1824512427?uid=1824512427,,4707460482337145,0,"https://tva1.sinaimg.cn/crop.0.0.180.180.180/6cbfd9abjw1e8qgp5bmzyj2050050aa8.jpg?KID=imgbed,tva&Expires=1641997686&ssig=rZVWZt53Kr",2021-11-25,ç«‹å¿—å®œæ€çœŸå“æ ¼
å¿ƒçµæ„Ÿåº”28,False,-1,https://m.weibo.cn/u/1904015637?uid=1904015637,,4707460474736332,0,"https://tva3.sinaimg.cn/crop.0.0.180.180.180/717cf915jw1e8qgp5bmzyj2050050aa8.jpg?KID=imgbed,tva&Expires=1641997687&ssig=EVcO7lkIBW",2021-11-25,ä¹ä»¥å¿˜å¿§
å¤ªå¤ªä¸ä¹é·„ç²¾,True,0,https://m.weibo.cn/u/1862888627?uid=1862888627,,4707457567821044,0,"https://tvax4.sinaimg.cn/crop.0.0.1006.1006.180/6f096cb3ly8g5xt65gmpjj20ry0rydgh.jpg?KID=imgbed,tva&Expires=1641997687&ssig=VFxWgSDUsu",2021-11-25,
å¤¢è£¡èŠ±è½çŸ¥æˆ‘æ„,False,-1,https://m.weibo.cn/u/2938891351?uid=2938891351,,4707456015402435,6,"https://tvax1.sinaimg.cn/crop.0.0.828.828.180/af2bec57ly8glap6rbh6bj20n00n0wf4.jpg?KID=imgbed,tva&Expires=1641997687&ssig=4y8CTRys6e",2021-11-25,æ•´è¿™ä¹ˆå¤šäº‹ï¼Œç›´æ¥å»ä¸Šå¸‚å…¬å¸è°ƒç ”å°±æˆäº†å˜›ã€‚å»äº†è‘£ç§˜è¿˜æ¥å¾…ä½ ã€‚è´¢åŠ¡æŠ¥è¡¨éƒ½æ‹¿ç»™ä½ çœ‹
LIIOYF,False,-1,https://m.weibo.cn/u/6683312808?uid=6683312808,,4707443189482777,0,"https://tvax1.sinaimg.cn/crop.0.0.132.132.180/007iiuXSly8fv09gi4h3rj303o03oq2r.jpg?KID=imgbed,tva&Expires=1641997687&ssig=bgba9SXCcW",2021-11-25,å›å¤:è¿™è¦å¤šå…³æ³¨å•Šï¼
Herzye,False,-1,https://m.weibo.cn/u/6682437829?uid=6682437829,,4707442666242565,0,"https://tvax4.sinaimg.cn/crop.0.0.512.512.180/007iePljly8guznrxvqjbj60e80e8wf002.jpg?KID=imgbed,tva&Expires=1641997687&ssig=RaLSmtVhTC",2021-11-25,å›å¤:è¿™å¯æ˜¯é«˜æ‰‹è¿‡æ‹›å•Š
å‡‰å‡‰ç¡ä¸é†’ww,False,-1,https://m.weibo.cn/u/7714745796?uid=7714745796,,4707438588071280,0,"https://tvax3.sinaimg.cn/crop.0.0.828.828.180/008q6hNOly8gvn704d4n7j60n00n0js102.jpg?KID=imgbed,tva&Expires=1641997689&ssig=Rv2BR0%2Fmgf",2021-11-25,ä¸å¤ªå°çœ‹èº«è¾¹çš„äºº è¯´ä¸å®šå“ªå¤©å°±é£é»„è…¾è¾¾äº†
Whalemek_M,False,-1,https://m.weibo.cn/u/2480573241?uid=2480573241,,4707438307576267,0,"https://tvax3.sinaimg.cn/crop.0.0.896.896.180/93da8b39ly8gwpd2w96a4j20ow0owgmr.jpg?KID=imgbed,tva&Expires=1641997689&ssig=liSGhiz0lF",2021-11-25,å›å¤:è¯´ä¸å®šå“ªå¤©é£é»„è…¾è¾¾äº†
Whalemek_M,False,-1,https://m.weibo.cn/u/2480573241?uid=2480573241,,4707438237060739,1,"https://tvax3.sinaimg.cn/crop.0.0.896.896.180/93da8b39ly8gwpd2w96a4j20ow0owgmr.jpg?KID=imgbed,tva&Expires=1641997689&ssig=liSGhiz0lF",2021-11-25,æˆ‘ä»¬å…¬å¸çš„ä¿å®‰çœŸçš„æŒºæœ‰é’± å¹³æ—¶éƒ½çœ‹ä¸å‡ºæ¥
å¬è¯´å…»ä¹å¤šå¾ˆå¥½å–å™¢,False,-1,https://m.weibo.cn/u/5265823121?uid=5265823121,,4707438101530482,0,"https://tvax4.sinaimg.cn/crop.0.0.896.896.180/005KmR8Zly8gwqahhe17cj30ow0owtby.jpg?KID=imgbed,tva&Expires=1641997689&ssig=NQ7ibqQ4hP",2021-11-25,å›å¤:å¥½å®¶ä¼™ é‚£å‰å®³äº†
å¬è¯´å…»ä¹å¤šå¾ˆå¥½å–å™¢,False,-1,https://m.weibo.cn/u/5265823121?uid=5265823121,,4707438064832323,0,"https://tvax4.sinaimg.cn/crop.0.0.896.896.180/005KmR8Zly8gwqahhe17cj30ow0owtby.jpg?KID=imgbed,tva&Expires=1641997689&ssig=NQ7ibqQ4hP",2021-11-25,è¯´ä¸å®šæˆ‘èº«è¾¹éƒ½æ˜¯éšå½¢å¯Œè±ªå‘¢
å†™ä¸€å°ä¿¡,True,0,https://m.weibo.cn/u/6592181004?uid=6592181004,,4707437967835675,5,"https://tvax2.sinaimg.cn/crop.0.0.1080.1080.180/007c87q4ly8gwje9aypduj30u00u0q4p.jpg?KID=imgbed,tva&Expires=1641997689&ssig=olrSRilGTU",2021-11-25,é«˜æ‰‹éƒ½è—åœ¨æ°‘é—´å—
å°æ´åˆåˆåˆå›°äº†,False,-1,https://m.weibo.cn/u/7452318997?uid=7452318997,,4707437132644824,0,"https://tvax4.sinaimg.cn/crop.0.0.996.996.180/0088laBvly8gr9hfaqmzjj30ro0ron0g.jpg?KID=imgbed,tva&Expires=1641997689&ssig=O9nRcii2j8",2021-11-25,å›å¤:åˆ›ä¸šç•Œçš„å¤§ä½¬
å°æ´åˆåˆåˆå›°äº†,False,-1,https://m.weibo.cn/u/7452318997?uid=7452318997,,4707437104596465,0,"https://tvax4.sinaimg.cn/crop.0.0.996.996.180/0088laBvly8gr9hfaqmzjj30ro0ron0g.jpg?KID=imgbed,tva&Expires=1641997689&ssig=O9nRcii2j8",2021-11-25,è¯´ä¸å®šå“ªä¸€å¤© ä½ èº«è¾¹çš„å°å°ä¸€ä¸ªäºº å°±æ˜¯åˆ›ä¸šç•Œçš„å¤§ä½¬
å¯ä¹å°æŸ¥,False,-1,https://m.weibo.cn/u/6481922795?uid=6481922795,,4707436814404369,0,"https://tvax4.sinaimg.cn/crop.0.0.996.996.180/0074FudRly8grgz4wy1bvj30ro0rodi6.jpg?KID=imgbed,tva&Expires=1641997689&ssig=Nwez9Uqo1N",2021-11-25,å›å¤:é¡ºä¾¿å¸¦ä¸Šæˆ‘
å¯ä¹å°æŸ¥,False,-1,https://m.weibo.cn/u/6481922795?uid=6481922795,,4707436747817721,0,"https://tvax4.sinaimg.cn/crop.0.0.996.996.180/0074FudRly8grgz4wy1bvj30ro0rodi6.jpg?KID=imgbed,tva&Expires=1641997690&ssig=AmkS%2F9x9d7",2021-11-25,æˆ‘è§‰å¾—å’±ä»¬éƒ½å¯ä»¥å»äº†è§£äº†è§£ ç§‘æ™®ä¸€ä¸‹äº†
æ˜Ÿæ²³å¡,False,-1,https://m.weibo.cn/u/7089094152?uid=7089094152,,4707436490920926,0,"https://tvax1.sinaimg.cn/crop.0.0.996.996.180/007JL7egly8gvspc3udtxj30ro0romyl.jpg?KID=imgbed,tva&Expires=1641997690&ssig=4DlyUi8jER",2021-11-25,å›å¤:å¯¹å‘€ æ‰€ä»¥ä¸è¦å°ç§èº«è¾¹çš„äºº
æ˜Ÿæ²³å¡,False,-1,https://m.weibo.cn/u/7089094152?uid=7089094152,,4707436416206977,0,"https://tvax1.sinaimg.cn/crop.0.0.996.996.180/007JL7egly8gvspc3udtxj30ro0romyl.jpg?KID=imgbed,tva&Expires=1641997690&ssig=4DlyUi8jER",2021-11-25,è¿™è—çš„ä¹Ÿå¤ªæ·±äº†å§   å“ªä½å¤§ä½¬å¸¦æˆ‘é£å‘€
å¼ æ–°æˆçš„åœ¨é€ƒå…¬ä¸»,False,-1,https://m.weibo.cn/u/7456230566?uid=7456230566,,4707436198365165,0,"https://tvax4.sinaimg.cn/crop.0.0.1002.1002.180/0088BAbkly8geu6aa5zlgj30ru0ruabz.jpg?KID=imgbed,tva&Expires=1641997690&ssig=SVequAKUCP",2021-11-25,å›å¤:é‚£å°±å‰å®³äº†å‘€
å¼ æ–°æˆçš„åœ¨é€ƒå…¬ä¸»,False,-1,https://m.weibo.cn/u/7456230566?uid=7456230566,,4707436147510076,0,"https://tvax4.sinaimg.cn/crop.0.0.1002.1002.180/0088BAbkly8geu6aa5zlgj30ru0ruabz.jpg?KID=imgbed,tva&Expires=1641997690&ssig=SVequAKUCP",2021-11-25,é«˜æ‰‹éƒ½è—åœ¨æ°‘é—´å—
æƒ³ç©¿è£™å­äº†å¥¥,False,-1,https://m.weibo.cn/u/6223836905?uid=6223836905,,4707436030594428,0,"https://tvax2.sinaimg.cn/crop.0.0.996.996.180/006NcAidly8gr9hbd8i51j30ro0rotb7.jpg?KID=imgbed,tva&Expires=1641997690&ssig=3KLX0BJPWX",2021-11-25,å›å¤:å¥½å®¶ä¼™  çœŸçš„å‡çš„
æƒ³ç©¿è£™å­äº†å¥¥,False,-1,https://m.weibo.cn/u/6223836905?uid=6223836905,,4707435975803551,0,"https://tvax2.sinaimg.cn/crop.0.0.996.996.180/006NcAidly8gr9hbd8i51j30ro0rotb7.jpg?KID=imgbed,tva&Expires=1641997690&ssig=3KLX0BJPWX",2021-11-25,çœŸçš„ ä¸è¦å°ç§æ¯ä¸€ä½äººå“¦  æœ‰çš„éƒ½æ˜¯é«˜æ‰‹
å…¨æç¬‘ä¹Ÿ,True,0,https://m.weibo.cn/u/5917736079?uid=5917736079,,4707435434216896,0,"https://tvax3.sinaimg.cn/crop.0.0.1080.1080.180/006sudu7ly8g14i4klzmdj30u00u0tab.jpg?KID=imgbed,tva&Expires=1641997690&ssig=LxDg1w8k6n",2021-11-25,åªæƒ³è¯´é«˜æ‰‹åœ¨æ°‘é—´ï¼Œå¤§éšéšäºå¸‚å•Š
åŒ—åŒ—çš„å¤-,False,-1,https://m.weibo.cn/u/1654561301?uid=1654561301,,4707434713583484,0,"https://tvax3.sinaimg.cn/crop.0.0.1080.1080.180/629e9a15ly8gssiftx8wlj20u00u0gop.jpg?KID=imgbed,tva&Expires=1641997690&ssig=OupqUryWPm",2021-11-25,å¥½å§ æˆ‘è¾“äº†
é€é¥ä¹–å®å®,False,-1,https://m.weibo.cn/u/1670189823?uid=1670189823,,4707434519856319,1,"https://tvax3.sinaimg.cn/crop.0.0.828.828.180/638d12ffly8gebheal58ij20n00n0dhf.jpg?KID=imgbed,tva&Expires=1641997690&ssig=XYmOKLk%2B%2Fg",2021-11-25,å“‡å¤ªé«˜äº†
è¶£å‘³å¤§å…¨,True,0,https://m.weibo.cn/u/2485425080?uid=2485425080,,4707434092041014,0,"https://tvax2.sinaimg.cn/crop.0.0.996.996.180/942493b8ly8gpeo4pdqf9j20ro0rot9z.jpg?KID=imgbed,tva&Expires=1641997692&ssig=%2F8o6sBmheN",2021-11-25,ç®€ç›´å¤ªæ‹¼äº†ï¼
qiang-ang-ang,False,-1,https://m.weibo.cn/u/5631879538?uid=5631879538,,4707433870527951,0,"https://tvax4.sinaimg.cn/crop.0.0.828.828.180/00698N8Kly8gx0zol5sjqj30n00n03za.jpg?KID=imgbed,tva&Expires=1641997692&ssig=zKDScL3QD2",2021-11-25,å›å¤:ä¸è¦å°ç§ä»–ä»¬å™¢
qiang-ang-ang,False,-1,https://m.weibo.cn/u/5631879538?uid=5631879538,,4707433786118483,0,"https://tvax4.sinaimg.cn/crop.0.0.828.828.180/00698N8Kly8gx0zol5sjqj30n00n03za.jpg?KID=imgbed,tva&Expires=1641997692&ssig=zKDScL3QD2",2021-11-25,å“ˆå“ˆå“ˆå“ˆå‰å®³äº† æˆ‘åªæƒ³è¯´é«˜æ‰‹åœ¨æ°‘é—´
haodic,False,-1,https://m.weibo.cn/u/7227008846?uid=7227008846,,4707432776076696,0,"https://tvax1.sinaimg.cn/crop.0.0.664.664.180/007T5N8Oly8gwum4wp1o8j30ig0igdgv.jpg?KID=imgbed,tva&Expires=1641997692&ssig=Ft24JBBP4G",2021-11-25,å›å¤:å¤ªå‰å®³äº† æ·±æ„Ÿä½©æœ
haodic,False,-1,https://m.weibo.cn/u/7227008846?uid=7227008846,,4707432703462688,1,"https://tvax1.sinaimg.cn/crop.0.0.664.664.180/007T5N8Oly8gwum4wp1o8j30ig0igdgv.jpg?KID=imgbed,tva&Expires=1641997692&ssig=Ft24JBBP4G",2021-11-25,éƒ½æ˜¯é«˜æ‰‹ çœ‹çš„æˆ‘éƒ½æƒ³æŠ•èµ„äº†
é£å¸ˆå¨˜å¨˜æ‰‡å­æ‰äº†,False,-1,https://m.weibo.cn/u/7626816318?uid=7626816318,,4707432514982134,0,"https://tvax3.sinaimg.cn/crop.0.0.664.664.180/008k9lkqly8gwum44lvl5j30ig0ig0u1.jpg?KID=imgbed,tva&Expires=1641997692&ssig=a3orn0ICHA",2021-11-25,å›å¤:å¤§ä½¬æ±‚å¸¦
é£å¸ˆå¨˜å¨˜æ‰‡å­æ‰äº†,False,-1,https://m.weibo.cn/u/7626816318?uid=7626816318,,4707432461502740,3,"https://tvax3.sinaimg.cn/crop.0.0.664.664.180/008k9lkqly8gwum44lvl5j30ig0ig0u1.jpg?KID=imgbed,tva&Expires=1641997692&ssig=a3orn0ICHA",2021-11-25,æ°‘é—´é«˜æ‰‹éƒ½æ˜¯èº«æ€€ç»æŠ€
å¥¶æƒ‹èŒ¶,False,-1,https://m.weibo.cn/u/7090476670?uid=7090476670,,4707432338821954,0,"https://tvax3.sinaimg.cn/crop.0.0.1002.1002.180/007JQUSWly8gi1vhx20tlj30ru0ru75r.jpg?KID=imgbed,tva&Expires=1641997692&ssig=%2FZQ%2FurSkZj",2021-11-25,å›å¤:å­¦ç€ç‚¹ æˆ‘çœŸçš„å¾ˆæƒ³å’Œè¿™æ ·çš„äººä¸€æ ·
å¥¶æƒ‹èŒ¶,False,-1,https://m.weibo.cn/u/7090476670?uid=7090476670,,4707432238158148,2,"https://tvax3.sinaimg.cn/crop.0.0.1002.1002.180/007JQUSWly8gi1vhx20tlj30ru0ru75r.jpg?KID=imgbed,tva&Expires=1641997692&ssig=%2FZQ%2FurSkZj",2021-11-25,ä¸çŸ¥é“æœ‰æ²¡æœ‰è¿™æ ·çš„é«˜æ‰‹æ¥å¸¦å¸¦æˆ‘
Herzye,False,-1,https://m.weibo.cn/u/6682437829?uid=6682437829,,4707432204601271,1,"https://tvax4.sinaimg.cn/crop.0.0.512.512.180/007iePljly8guznrxvqjbj60e80e8wf002.jpg?KID=imgbed,tva&Expires=1641997693&ssig=khzCj46rk7",2021-11-25,è¯´ä¸å®šå“ªå¤©ä½ å‘ç°ä½ å¯å®¤é‡Œçš„äººå°±æ˜¯åˆ›ä¸šå¤§ä½¬
Aä½ çš„å°å¯çˆ±ä¸åœ¨çº¿,True,0,https://m.weibo.cn/u/7623577023?uid=7623577023,,4707432159511206,0,"https://tvax4.sinaimg.cn/crop.0.0.828.828.180/008jVKDJly8gwrafdhwglj30n00n0jsj.jpg?KID=imgbed,tva&Expires=1641997693&ssig=6LjdZNrwTl",2021-11-25,å›å¤:å‰å®³äº†ï¼Œé«˜æ‰‹åœ¨æ°‘é—´
Aä½ çš„å°å¯çˆ±ä¸åœ¨çº¿,True,0,https://m.weibo.cn/u/7623577023?uid=7623577023,,4707432091877414,0,"https://tvax4.sinaimg.cn/crop.0.0.828.828.180/008jVKDJly8gwrafdhwglj30n00n0jsj.jpg?KID=imgbed,tva&Expires=1641997693&ssig=6LjdZNrwTl",2021-11-25,æ„ŸåŒèº«å— å¸æœºéƒ½æ˜¯ç¤¾äº¤ç‰›é€¼ç—‡ å¤ªèƒ½èŠäº†
ç¾¡ç¾¡ä¸æƒ³ç¡è§‰,False,-1,https://m.weibo.cn/u/7371439946?uid=7371439946,,4707432057800077,0,"https://tvax2.sinaimg.cn/crop.0.0.664.664.180/0082ROgGly8gwum5mhd94j30ig0igq49.jpg?KID=imgbed,tva&Expires=1641997693&ssig=8KkLF8E%2FZT",2021-11-25,å›å¤:æœ‰æ²¡æœ‰è¿™æ ·çš„å¤§ä½¬å¸¦å¸¦æˆ‘
æ‡’äººé…±,True,0,https://m.weibo.cn/u/3137870107?uid=3137870107,,4707431982565667,0,"https://tvax1.sinaimg.cn/crop.0.0.1002.1002.180/bb08191bly8gdiu0831czj20ru0ru0uc.jpg?KID=imgbed,tva&Expires=1641997693&ssig=3r0jvNBd3E",2021-11-25,æ½œä¼çš„å¤ªæ·±äº†
ç¾¡ç¾¡ä¸æƒ³ç¡è§‰,False,-1,https://m.weibo.cn/u/7371439946?uid=7371439946,,4707431920175943,2,"https://tvax2.sinaimg.cn/crop.0.0.664.664.180/0082ROgGly8gwum5mhd94j30ig0igq49.jpg?KID=imgbed,tva&Expires=1641997693&ssig=8KkLF8E%2FZT",2021-11-25,å­¦ç€ç‚¹ï¼Œç°åœ¨éƒ½æ˜¯é«˜æ‰‹åœ¨æ°‘é—´
å¨¶æˆ‘ä¸,True,0,https://m.weibo.cn/u/5869240956?uid=5869240956,,4707431730906945,0,"https://tvax4.sinaimg.cn/crop.0.0.1002.1002.180/006pcJGIly8goptuezyo4j30ru0rugna.jpg?KID=imgbed,tva&Expires=1641997693&ssig=E4nBuzckyS",2021-11-25,ä¸€ä¸ªä¸ªéƒ½æ˜¯é«˜æ‰‹å•Š
LIIOYF,False,-1,https://m.weibo.cn/u/6683312808?uid=6683312808,,4707431684248747,1,"https://tvax1.sinaimg.cn/crop.0.0.132.132.180/007iiuXSly8fv09gi4h3rj303o03oq2r.jpg?KID=imgbed,tva&Expires=1641997693&ssig=k6ax4o5sHD",2021-11-25,ç¬‘æ­» è¿™å¯éƒ½æ˜¯éšè—çš„å¤§ç¥å•Š éƒ½æ˜¯å•¥ç¥ç§˜ç»„ç»‡
å¨±åœˆèœèœ,True,0,https://m.weibo.cn/u/5244215528?uid=5244215528,,4707431680052765,0,"https://tva1.sinaimg.cn/crop.0.0.1080.1080.180/005IUc1qjw8eue9dctuwhj30u00u0q50.jpg?KID=imgbed,tva&Expires=1641997693&ssig=0wsu0CvwWJ",2021-11-25,éƒ½æ˜¯é«˜æ‰‹å•Šï¼
å¨¶æˆ‘ä¸,True,0,https://m.weibo.cn/u/5869240956?uid=5869240956,,4707431572309594,0,"https://tvax4.sinaimg.cn/crop.0.0.1002.1002.180/006pcJGIly8goptuezyo4j30ru0rugna.jpg?KID=imgbed,tva&Expires=1641997693&ssig=E4nBuzckyS",2021-11-25,ä¸€ä¸ªä¸ªéƒ½æ˜¯é«˜æ‰‹å•Š
å¥¶èŒ¶è¦åŠ å¥¶ç›–è€¶,False,-1,https://m.weibo.cn/u/7691404207?uid=7691404207,,4707431571002787,0,"https://tvax3.sinaimg.cn/crop.0.0.1002.1002.180/008owlAzly8gu5nfo1866j60ru0ru76702.jpg?KID=imgbed,tva&Expires=1641997695&ssig=YwAn5n5aTQ",2021-11-25,å›å¤:è‚¯å®šæ˜¯è¦æå¥½å…³ç³»çš„ ç¾¡æ…•äº†
é˜¿ä¼Ÿç¬‘é•¿,True,0,https://m.weibo.cn/u/5800736955?uid=5800736955,,4707431420002969,0,"https://tvax1.sinaimg.cn/crop.0.0.512.512.180/006kziFtly8gsb2kepofvj30e80e8glz.jpg?KID=imgbed,tva&Expires=1641997695&ssig=x4A7GhXrWV",2021-11-25,å“ˆå“ˆå“ˆå“ˆ//:è¯´ä¸å®šèº«è¾¹äºº æœªæ¥å°±æ˜¯ç¦å¸ƒæ–¯å¯Œè±ªæ¦œä¸Šäººå‘¢
è´¢ä¸ƒ,True,0,https://m.weibo.cn/u/5426060164?uid=5426060164,,4707431135840146,0,"https://tvax4.sinaimg.cn/crop.0.0.1080.1080.180/005Vdc7qly8gwj1ql8mywj30u00u0myq.jpg?KID=imgbed,tva&Expires=1641997695&ssig=3jMnXQyFDn",2021-11-25,
é˜¿ä¾ƒ,True,0,https://m.weibo.cn/u/6096382092?uid=6096382092,,4707429185749890,5,"https://tvax1.sinaimg.cn/crop.0.0.828.828.180/006EzNtqly8glurpb7k3zj30n00n03zm.jpg?KID=imgbed,tva&Expires=1641997695&ssig=TJ3ot%2B2f7k",2021-11-25,ä¸è¦å°ç§èº«è¾¹çš„æ¯ä¸€ä¸ªè§’è‰²
å¼€æ£®çš„å°æ–—ç‰›,False,-1,https://m.weibo.cn/u/5726974079?uid=5726974079,,4707428916003073,0,"https://tvax4.sinaimg.cn/crop.0.0.750.750.180/006fzNzFly8gsr90i0yenj30ku0ku3ze.jpg?KID=imgbed,tva&Expires=1641997695&ssig=Ue5fnSNv7E",2021-11-25,å›å¤:ç»ç»å­ï¼Œæˆ‘ä¹Ÿæƒ³è¢«å¹¸è¿åˆ°
å¼€æ£®çš„å°æ–—ç‰›,False,-1,https://m.weibo.cn/u/5726974079?uid=5726974079,,4707428870132252,2,"https://tvax4.sinaimg.cn/crop.0.0.750.750.180/006fzNzFly8gsr90i0yenj30ku0ku3ze.jpg?KID=imgbed,tva&Expires=1641997695&ssig=Ue5fnSNv7E",2021-11-25,å¿…é¡»å­¦ç€ç‚¹ï¼Œé«˜æ‰‹äº‘é›†çš„ç¤¾ä¼š
è¶…çº§æ— æ•Œå¯çˆ±å°è±å­,False,-1,https://m.weibo.cn/u/5229939291?uid=5229939291,,4707428773663262,0,"https://tvax3.sinaimg.cn/crop.0.0.512.512.180/005HWi7xly8gtg50n6cp1j30e80e8jrz.jpg?KID=imgbed,tva&Expires=1641997695&ssig=gCCP0y25us",2021-11-25,å›å¤:å¿…é¡»ä½©æœï¼Œå“ˆå“ˆå“ˆå“ˆ
è¶…çº§æ— æ•Œå¯çˆ±å°è±å­,False,-1,https://m.weibo.cn/u/5229939291?uid=5229939291,,4707428735651073,2,"https://tvax3.sinaimg.cn/crop.0.0.512.512.180/005HWi7xly8gtg50n6cp1j30e80e8jrz.jpg?KID=imgbed,tva&Expires=1641997695&ssig=gCCP0y25us",2021-11-25,èº«æ€€ç»æŠ€å•Š
å…»ä¹å¤šçœŸå¥½å–å‘€_,False,-1,https://m.weibo.cn/u/7600511487?uid=7600511487,,4707428665656548,0,"https://tvax2.sinaimg.cn/crop.0.0.996.996.180/008imYeXly8gxb0vb5gsrj30ro0romyr.jpg?KID=imgbed,tva&Expires=1641997695&ssig=GC1oTvqdL9",2021-11-25,å›å¤:è°æ¥å¸¦å¸¦æˆ‘
å…»ä¹å¤šçœŸå¥½å–å‘€_,False,-1,https://m.weibo.cn/u/7600511487?uid=7600511487,,4707428623712371,0,"https://tvax2.sinaimg.cn/crop.0.0.996.996.180/008imYeXly8gxb0vb5gsrj30ro0romyr.jpg?KID=imgbed,tva&Expires=1641997696&ssig=VSLMwemkLc",2021-11-25,éœ‡æƒŠå•¦ï¼Œä»¥åè°ä¹Ÿæ•™æ•™æˆ‘å‘—
å°¾å·´è—äº†ä¸ªå°å¯çˆ±,False,-1,https://m.weibo.cn/u/7605481919?uid=7605481919,,4707428580460555,0,"https://tvax2.sinaimg.cn/crop.0.0.750.750.180/008iHPhdly8gq8vxf4h3hj30ku0ku0tt.jpg?KID=imgbed,tva&Expires=1641997696&ssig=Flg15%2BpFzg",2021-11-25,å›å¤:é«˜æ‰‹äº‘é›†
å°¾å·´è—äº†ä¸ªå°å¯çˆ±,False,-1,https://m.weibo.cn/u/7605481919?uid=7605481919,,4707428530916937,2,"https://tvax2.sinaimg.cn/crop.0.0.750.750.180/008iHPhdly8gq8vxf4h3hj30ku0ku0tt.jpg?KID=imgbed,tva&Expires=1641997696&ssig=Flg15%2BpFzg",2021-11-25,æ½œä¼çš„å¤ªæ·±äº†ï¼Œå¿…é¡»ç»™ä»–ä»¬ç‚¹èµ
Hçº¢è‰²å°ç“¶ç›–,False,-1,https://m.weibo.cn/u/7655981981?uid=7655981981,,4707428383328385,0,"https://tvax3.sinaimg.cn/crop.0.0.1080.1080.180/008m7IElly8gss1j6t2oyj30u00u0jsg.jpg?KID=imgbed,tva&Expires=1641997696&ssig=3%2FLxRwmMf1",2021-11-25,å›å¤:æˆ‘æƒ³å’Œè¿™æ ·çš„äººåšæœ‹å‹
Hçº¢è‰²å°ç“¶ç›–,False,-1,https://m.weibo.cn/u/7655981981?uid=7655981981,,4707428236790387,0,"https://tvax3.sinaimg.cn/crop.0.0.1080.1080.180/008m7IElly8gss1j6t2oyj30u00u0jsg.jpg?KID=imgbed,tva&Expires=1641997696&ssig=3%2FLxRwmMf1",2021-11-25,ä½ æƒ³è±¡ä¸åˆ°çš„èŒä¸šéƒ½æ˜¯ æ½œåŠ›è‚¡çš„è‚¡æ°‘
å½­æ¢“æ½¼å½­æ¢“æ¡,False,-1,https://m.weibo.cn/u/3087874982?uid=3087874982,,4707428228139209,0,"https://tvax3.sinaimg.cn/crop.0.0.1080.1080.180/003mYplcly8gudvp1zwojj60u00u00ul02.jpg?KID=imgbed,tva&Expires=1641997696&ssig=qwLAQU4ib%2F",2021-11-25,å›å¤:å¿…é¡»å­¦ç€ç‚¹å•Š
å½­æ¢“æ½¼å½­æ¢“æ¡,False,-1,https://m.weibo.cn/u/3087874982?uid=3087874982,,4707428174136966,0,"https://tvax3.sinaimg.cn/crop.0.0.1080.1080.180/003mYplcly8gudvp1zwojj60u00u00ul02.jpg?KID=imgbed,tva&Expires=1641997696&ssig=qwLAQU4ib%2F",2021-11-25,ä¸è¦å°ç§ä»»ä½•ä¸€ä¸ªäºº
Alisaä¼Šä¼Š_,False,-1,https://m.weibo.cn/u/3808035416?uid=3808035416,,4707428156834005,0,"https://tvax4.sinaimg.cn/crop.0.0.664.664.180/e2fa0258ly8gxb0u7up5sj20ig0ih0ta.jpg?KID=imgbed,tva&Expires=1641997696&ssig=7wlw0v9Rgj",2021-11-25,å›å¤:ä½©æœä½©æœ
Alisaä¼Šä¼Š_,False,-1,https://m.weibo.cn/u/3808035416?uid=3808035416,,4707428120137801,0,"https://tvax4.sinaimg.cn/crop.0.0.664.664.180/e2fa0258ly8gxb0u7up5sj20ig0ih0ta.jpg?KID=imgbed,tva&Expires=1641997696&ssig=7wlw0v9Rgj",2021-11-25,æˆ‘ä¹Ÿæƒ³æˆä¸ºä¸€ä¸ªé«˜æ‰‹
å¼€æ£®çš„å°é£é¸Ÿ,False,-1,https://m.weibo.cn/u/5673741856?uid=5673741856,,4707428036248464,0,"https://tvax3.sinaimg.cn/crop.0.0.750.750.180/006bYrrqly8gsr92ygl5mj30ku0kudgz.jpg?KID=imgbed,tva&Expires=1641997696&ssig=x6AoDjUMus",2021-11-25,å›å¤:è¿™æ ·çš„äººçœŸçš„å¥½å¹¸è¿å•Š
çœ‹é™äº‘,False,-1,https://m.weibo.cn/u/6602745575?uid=6602745575,,4707428010298321,0,"https://tvax4.sinaimg.cn/crop.0.0.512.512.180/007cQrKnly8gsugbk9yfhj30e80e8wez.jpg?KID=imgbed,tva&Expires=1641997697&ssig=bnnZDkkQVM",2021-11-25,å›å¤:å¸¦å¸¦ä½ 
å¼€æ£®çš„å°é£é¸Ÿ,False,-1,https://m.weibo.cn/u/5673741856?uid=5673741856,,4707427968356558,1,"https://tvax3.sinaimg.cn/crop.0.0.750.750.180/006bYrrqly8gsr92ygl5mj30ku0kudgz.jpg?KID=imgbed,tva&Expires=1641997697&ssig=L1mbFFVQd%2F",2021-11-25,é«˜æ‰‹äº‘é›†å•Š
çœ‹é™äº‘,False,-1,https://m.weibo.cn/u/6602745575?uid=6602745575,,4707427951315453,1,"https://tvax4.sinaimg.cn/crop.0.0.512.512.180/007cQrKnly8gsugbk9yfhj30e80e8wez.jpg?KID=imgbed,tva&Expires=1641997697&ssig=bnnZDkkQVM",2021-11-25,é—¨å«å¤§çˆ·ç»å¯¹æ˜¯ï¼ï¼ï¼ä½ éƒ½ä¸çŸ¥é“ä»–ä»¬æœ‰å¤šå‰å®³
å¨‡æ™“å¨‡æ™“,False,-1,https://m.weibo.cn/u/7631577657?uid=7631577657,,4707427884471407,0,"https://tvax3.sinaimg.cn/crop.0.0.1080.1080.180/008ktjYdly8gsr6i38rqhj30u00u0td8.jpg?KID=imgbed,tva&Expires=1641997697&ssig=HUWnXcaiQ%2B",2021-11-25,å›å¤:ä½ æœ‰æ²¡æœ‰å°é“æ¶ˆæ¯
é²œè¢–å°å§,False,-1,https://m.weibo.cn/u/5518684656?uid=5518684656,,4707427872673083,0,"https://tvax1.sinaimg.cn/crop.0.0.996.996.180/0061tPYQly8gtzvbwyjlvj30ro0rot9g.jpg?KID=imgbed,tva&Expires=1641997697&ssig=pFZdJiKT1k",2021-11-25,å›å¤:çœ‹ç€ç‚¹å­¦ç€ç‚¹
é²œè¢–å°å§,False,-1,https://m.weibo.cn/u/5518684656?uid=5518684656,,4707427826272708,0,"https://tvax1.sinaimg.cn/crop.0.0.996.996.180/0061tPYQly8gtzvbwyjlvj30ro0rot9g.jpg?KID=imgbed,tva&Expires=1641997697&ssig=pFZdJiKT1k",2021-11-25,ä½ ä»¬åƒè‚‰çš„ï¼Œèƒ½ä¸èƒ½è®©æˆ‘å–ä¸€å£æ±¤å•Š
å†¬å¤©è¥¿ç“œå¾ˆç”œ,False,-1,https://m.weibo.cn/u/6476607310?uid=6476607310,,4707427779349402,0,"https://tvax4.sinaimg.cn/crop.0.0.512.512.180/0074jbqely8gpk8duoajfj30e80e8aae.jpg?KID=imgbed,tva&Expires=1641997697&ssig=WdAB2hhOb8",2021-11-25,å›å¤:ç¾¡æ…•å‰å®³äº†
å†¬å¤©è¥¿ç“œå¾ˆç”œ,False,-1,https://m.weibo.cn/u/6476607310?uid=6476607310,,4707427737405929,0,"https://tvax4.sinaimg.cn/crop.0.0.512.512.180/0074jbqely8gpk8duoajfj30e80e8aae.jpg?KID=imgbed,tva&Expires=1641997697&ssig=WdAB2hhOb8",2021-11-25,ä½ ä»¬éƒ½å‘è´¢å»å§ï¼Œæˆ‘åšä½ ä»¬å‘è´¢è·¯ä¸Šçš„è§è¯äºº
æœ¨æœ¨æœ¨å˜›123,False,-1,https://m.weibo.cn/u/7578778435?uid=7578778435,,4707427583528438,0,"https://tvax4.sinaimg.cn/crop.0.0.996.996.180/008gTMtRly8guh221o9paj60ro0rowiv02.jpg?KID=imgbed,tva&Expires=1641997697&ssig=A7gaZJofDf",2021-11-25,å›å¤:ç»å¯¹æœ‰å¯èƒ½
æœ¨æœ¨æœ¨å˜›123,False,-1,https://m.weibo.cn/u/7578778435?uid=7578778435,,4707427553644225,0,"https://tvax4.sinaimg.cn/crop.0.0.996.996.180/008gTMtRly8guh221o9paj60ro0rowiv02.jpg?KID=imgbed,tva&Expires=1641997697&ssig=A7gaZJofDf",2021-11-25,æˆ‘å·²ç»å‡†å¤‡å¥½å‘ä»–ä»¬å€Ÿé’±äº†
å¨‡æ™“å¨‡æ™“,False,-1,https://m.weibo.cn/u/7631577657?uid=7631577657,,4707427401863436,0,"https://tvax3.sinaimg.cn/crop.0.0.1080.1080.180/008ktjYdly8gsr6i38rqhj30u00u0td8.jpg?KID=imgbed,tva&Expires=1641997699&ssig=ghE0isoy15",2021-11-25,è¯·è®©æˆ‘ä¸Šè½¦å¥½å— å‘å®¶è‡´å¯Œ
æ¨±æ¡ƒå°é’æ¢…_,False,-1,https://m.weibo.cn/u/6007504099?uid=6007504099,,4707427281535104,0,"https://tvax3.sinaimg.cn/crop.0.0.512.512.180/006yySfply8gxb0yos2y0j30e80e83zt.jpg?KID=imgbed,tva&Expires=1641997699&ssig=A%2BccE566pI",2021-11-25,å›å¤:é‚£å¾—æå¥½å…³ç³»
æ¨±æ¡ƒå°é’æ¢…_,False,-1,https://m.weibo.cn/u/6007504099?uid=6007504099,,4707427238806236,0,"https://tvax3.sinaimg.cn/crop.0.0.512.512.180/006yySfply8gxb0yos2y0j30e80e83zt.jpg?KID=imgbed,tva&Expires=1641997699&ssig=A%2BccE566pI",2021-11-25,å¤ªå‰å®³äº†ï¼Œæˆ‘ä¹Ÿæƒ³æŠ•èµ„
å¤•æ‹¾å£¹,False,-1,https://m.weibo.cn/u/5700673584?uid=5700673584,,4707426958050884,0,"https://tvax2.sinaimg.cn/crop.0.0.1080.1080.180/006dNrC8ly8gsryxu97uwj30u00u0jtq.jpg?KID=imgbed,tva&Expires=1641997699&ssig=3fTFk8vSsV",2021-11-25,å›å¤:è¿™ä¹ˆå¹¸è¿å—
å¤•æ‹¾å£¹,False,-1,https://m.weibo.cn/u/5700673584?uid=5700673584,,4707426883079655,0,"https://tvax2.sinaimg.cn/crop.0.0.1080.1080.180/006dNrC8ly8gsryxu97uwj30u00u0jtq.jpg?KID=imgbed,tva&Expires=1641997699&ssig=3fTFk8vSsV",2021-11-25,æˆ‘ä»€ä¹ˆæ—¶å€™èƒ½æˆä¸ºä¸€ä¸ªæˆåŠŸçš„è‚¡æ°‘
æˆ¿è½¦æ—…è¡Œæ—¥è®°,True,0,https://m.weibo.cn/u/6160706342?uid=6160706342,,4707424851726381,2,"https://tvax1.sinaimg.cn/crop.0.0.1080.1080.180/006IVH9kly8gn137jtpznj30u00u0n53.jpg?KID=imgbed,tva&Expires=1641997699&ssig=FQVw91rBrK",2021-11-25,ç¥ç§˜ç»„ç»‡â€”å½“ä»£è‚¡æ°‘
å“†å•¦Amy-,True,0,https://m.weibo.cn/u/6124825839?uid=6124825839,,4707424499402626,0,"https://tvax1.sinaimg.cn/crop.0.0.1080.1080.180/006Gv8Zxly8grptbrthodj30u00u0myk.jpg?KID=imgbed,tva&Expires=1641997699&ssig=6ZAShIs%2BH2",2021-11-25,å‰å®³äº†ï¼Œéƒ½æ˜¯é«˜æ‰‹å•Š
ç¬‘æ–™ä¾¦æŸ¥å‘˜,True,0,https://m.weibo.cn/u/6160726163?uid=6160726163,,4707424492060844,16,"https://tvax4.sinaimg.cn/crop.0.0.1002.1002.180/006IVMj1ly8gktlihc8v1j30ru0ruta9.jpg?KID=imgbed,tva&Expires=1641997699&ssig=CU5tEuTwWv",2021-11-25,é‚£ä¸å¾—å…ˆå»äº†è§£äº†è§£
æœ‰æ•…äº‹çš„é»„ç­é•¿,True,0,https://m.weibo.cn/u/7490159699?uid=7490159699,,4707424365707643,20,"https://tvax1.sinaimg.cn/crop.80.608.800.800.180/008aTWHply8giy7ucg47kj30u0140wn1.jpg?KID=imgbed,tva&Expires=1641997699&ssig=OzC4VeJsgq",2021-11-25,éƒ½æ˜¯é«˜æ‰‹å•Š
MissKä½™å°å¯,True,0,https://m.weibo.cn/u/1843747797?uid=1843747797,,4707424239616578,2,"https://tvax4.sinaimg.cn/crop.0.0.1080.1080.180/6de55bd5ly8gpg71v1g7pj20u00u0mzl.jpg?KID=imgbed,tva&Expires=1641997699&ssig=Orl8Y4jOIl",2021-11-25,ç”µè§†éƒ½ä¸æ•¢è¿™ä¹ˆæ‹
